{
  "q01": [
    -0.026688,
    -0.024154,
    -0.013269,
    0.996827,
    -0.056513,
    -0.02372,
    -0.055905,
    0.996923,
    -0.026957,
    -0.048362,
    -0.040973,
    -0.040898,
    0.869093,
    -0.316019,
    -0.240748,
    -0.32718,
    0.879926,
    -0.21302,
    -0.080012,
    0.029713,
    0.059227,
    -0.038851,
    0.010826,
    0.062254,
    -0.007452,
    0.010061,
    0.047149,
    0.005736,
    0.006631,
    0.036123,
    0.018989,
    0.001386,
    0.033526,
    -0.037843,
    -0.037665,
    -0.036427,
    0.90169,
    -0.278892,
    -0.200027,
    -0.267251,
    0.906997,
    -0.187048,
    -0.013628,
    0.024588,
    0.053585,
    -0.012045,
    0.000813,
    0.065182,
    -0.037355,
    -0.001436,
    0.052279,
    -0.058561,
    -0.004175,
    0.042882,
    -0.078014,
    -0.007496,
    0.039113
  ],
  "q99": [
    0.026573,
    0.015575,
    0.015514,
    1.0,
    0.055889,
    0.023992,
    0.056601,
    1.0,
    0.027849,
    0.044917,
    0.040128,
    0.043628,
    0.999997,
    0.322927,
    0.238815,
    0.311405,
    0.999997,
    0.222693,
    0.016559,
    0.105274,
    0.129951,
    0.014097,
    0.089857,
    0.188346,
    0.037904,
    0.087388,
    0.19212,
    0.059029,
    0.08399,
    0.17789,
    0.074478,
    0.069913,
    0.145329,
    0.041177,
    0.0368,
    0.039655,
    0.999998,
    0.27139,
    0.203172,
    0.282521,
    0.999998,
    0.193682,
    0.087733,
    0.10751,
    0.128318,
    0.040024,
    0.08864,
    0.191875,
    0.008532,
    0.08699,
    0.195138,
    -0.005823,
    0.083213,
    0.180562,
    -0.019596,
    0.069257,
    0.148124
  ]
}
