{
  "q01": [-0.039816, -0.049270, -0.056266, -1.0, -1.0, -1.0, -1.0, -1.0, -1.0, 0.000000],
  "q99": [ 0.043860,  0.050352,  0.072505,  1.0,  1.0,  1.0,  1.0,  1.0,  1.0, 1.000000]
}
