{
  "q01": [-0.050087, -0.032055, -0.045222, -1.0, -1.0, -1.0, -1.0, -1.0, -1.0, 0.000000],
  "q99": [ 0.040385,  0.036577,  0.032376,  1.0,  1.0,  1.0,  1.0,  1.0,  1.0, 1.000000]
}
