{
  "q01": [-0.065029, -0.030683, -0.075321, -1.0, -1.0, -1.0, -1.0, -1.0, -1.0,  0.000000],
  "q99": [ 0.068546,  0.036309,  0.051772,  1.0,  1.0,  1.0,  1.0,  1.0,  1.0,  1.000000]
}
